model_slug,model_name,provider,type,embedding_dim,similarity_gap,avg_pos_similarity,avg_neg_similarity,std_pos_similarity,std_neg_similarity,pos_sim_agents,pos_sim_rag,pos_sim_multimodal,pos_sim_finetuning,pos_sim_arxiv_reddit,pos_sim_arxiv_twitter,pos_sim_reddit_twitter,embed_time_170items_s,embed_time_per_item_s,storage_mb,api_price_per_1m_tokens,tokens_used_experiment,exp_api_cost_usd,exp_ec2_cost_usd,exp_total_cost_usd,monthly_api_cost_usd,monthly_ec2_extra_cost_usd,monthly_total_cost_usd,monthly_embed_time_per_day_s
openai-small,OpenAI text-embedding-3-small,OpenAI,API,1536,0.0659,0.3538,0.288,0.0941,0.0844,0.3493,0.3489,0.3788,0.3525,0.3435,0.3452,0.361,4.1,0.0241,7.0,0.02,21561,0.000431,0.000194,0.000625,0.0055,0.0024,0.0079,1.7
openai-large,OpenAI text-embedding-3-large,OpenAI,API,3072,0.0639,0.3468,0.2829,0.0872,0.079,0.3423,0.3429,0.3667,0.354,0.3349,0.3412,0.3529,3.4,0.02,13.1,0.13,21561,0.002803,0.000161,0.002963,0.0355,0.002,0.0375,1.4
voyage-3,Voyage voyage-3,Voyage,API,1024,0.0624,0.4135,0.3511,0.0894,0.0877,0.4106,0.4035,0.4264,0.4311,0.3902,0.4582,0.4121,3.2,0.0188,5.6,0.06,21520,0.001291,0.000151,0.001442,0.0164,0.0019,0.0182,1.3
voyage-3-lite,Voyage voyage-3-lite,Voyage,API,512,0.058,0.4216,0.3636,0.0922,0.0873,0.4085,0.4221,0.4675,0.4462,0.3903,0.4261,0.4478,1.3,0.0076,3.8,0.02,21520,0.00043,6.1e-05,0.000492,0.0055,0.0008,0.0062,0.5
nomic,Nomic embed text v1.5,Local,Local,768,0.0527,0.5837,0.531,0.0648,0.0637,0.5834,0.5596,0.6031,0.5874,0.5659,0.5989,0.5826,59.9,0.3524,4.5,0.0,24090,0.0,0.002829,0.002829,0.0,0.0349,0.0349,24.7
bge-large,BGE large en v1.5,Local,Local,1024,0.0424,0.6199,0.5775,0.0676,0.0639,0.6164,0.6206,0.6405,0.6086,0.6258,0.635,0.6111,105.9,0.6229,5.6,0.0,24090,0.0,0.005001,0.005001,0.0,0.0618,0.0618,43.6
bge-small,BGE small en v1.5,Local,Local,384,0.0398,0.6554,0.6156,0.0632,0.0588,0.6492,0.6662,0.6734,0.656,0.6475,0.6653,0.6569,10.7,0.0629,3.3,0.0,24090,0.0,0.000505,0.000505,0.0,0.0062,0.0062,4.4
gemini-004,Gemini gemini-embedding-001,Google,API,3072,0.0309,0.6054,0.5745,0.0471,0.0442,0.5985,0.6255,0.6157,0.613,0.5962,0.6017,0.6134,28.5,0.1676,3.6,0.15,24090,0.003613,0.001346,0.004959,0.041,0.0166,0.0576,11.7
specter2,SPECTER2,Local,Local,768,0.0152,0.8636,0.8484,0.0337,0.036,0.866,0.8495,0.8658,0.8614,0.8386,0.8579,0.8719,37.0,0.2176,4.6,0.0,24090,0.0,0.001747,0.001747,0.0,0.0216,0.0216,15.2
